--https://github.com/AbhishekMali21/DBMS-LABORATORY/blob/master/
--script modifié par GPG

drop table EVALUATION;
drop table COURS;
drop table GROUPE;
drop table SEMESTRE;
drop table ETUDIANT;


CREATE TABLE ETUDIANT(
DA VARCHAR(10) PRIMARY KEY,
ENOM VARCHAR(25),
ADRESSE VARCHAR(25),
TELEPHONE NUMBER(10),
GENRE CHAR(1));

CREATE TABLE SEMESTRE(
ID VARCHAR(5) PRIMARY KEY,
SEM NUMBER(2),
SEC CHAR(1));

CREATE TABLE GROUPE(
DA VARCHAR(10),
ID VARCHAR(5),
PRIMARY KEY(DA,ID),
FOREIGN KEY(DA) REFERENCES ETUDIANT(DA),
FOREIGN KEY(ID) REFERENCES SEMESTRE(ID));

CREATE TABLE COURS(
CODE VARCHAR(8),
TITRE VARCHAR(20),
SEM NUMBER(2),
CREDITS NUMBER(2),
PRIMARY KEY(CODE));

CREATE TABLE EVALUATION(
DA VARCHAR(10),
CODE VARCHAR(8),
ID VARCHAR(5),
TEST1 NUMBER(2),
TEST2 NUMBER(2),
TEST3 NUMBER(2),
FINAL NUMBER(2),
PRIMARY KEY(CODE,DA,ID),
FOREIGN KEY(DA) REFERENCES ETUDIANT(DA),
FOREIGN KEY(CODE) REFERENCES COURS(CODE),
FOREIGN KEY(ID) REFERENCES SEMESTRE(ID));


INSERT INTO ETUDIANT VALUES ('1RN13CS020','Roger','Quebec', 8877881122,'M');
INSERT INTO ETUDIANT VALUES ('1RN13CS062','Lucie','Montreal',7722829912,'F');
INSERT INTO ETUDIANT VALUES ('1RN13CS091','Marie','Montreal', 7712312312,'A');
INSERT INTO ETUDIANT VALUES ('1RN13CS066','Gilles','Montreal',8877881122,'F');
INSERT INTO ETUDIANT VALUES ('1RN14CS010','Sabrina','Montreal', 9900211201,'M');
INSERT INTO ETUDIANT VALUES ('1RN14CS032','Leo','Montreal',9923211099,'M');
INSERT INTO ETUDIANT VALUES ('1RN14CS025','Lea','Montreal', 7894737377,'F');
INSERT INTO ETUDIANT VALUES ('1RN15CS011','Andre','Sherbrooke', 9845091341,'M');
INSERT INTO ETUDIANT VALUES ('1RN15CS029','Andree','Vancouver', 7696772121,'F');
INSERT INTO ETUDIANT VALUES ('1RN15CS045','Gin','Londres', 9944850121,'M');
INSERT INTO ETUDIANT VALUES ('1RN15CS091','Ginette','Montreal',8812332201,'A');
INSERT INTO ETUDIANT VALUES ('1RN16CS045','Pierre','Quebec', 9900232201,'M');
INSERT INTO ETUDIANT VALUES ('1RN16CS088','Samuel','Tokyo', 9905542212,'F');
INSERT INTO ETUDIANT VALUES ('1RN16CS122','Judgtrie','Ouagadougou', 8800880011,'M');

INSERT INTO SEMESTRE VALUES ('CSE8A', 8,'A');
INSERT INTO SEMESTRE VALUES ('CSE8B', 8,'H');
INSERT INTO SEMESTRE VALUES ('CSE8C', 8,'E');
INSERT INTO SEMESTRE VALUES ('CSE7A', 7,'A');
INSERT INTO SEMESTRE VALUES ('CSE7B', 7,'H');
INSERT INTO SEMESTRE VALUES ('CSE7C', 7,'E');
INSERT INTO SEMESTRE VALUES ('CSE6A', 6,'A');
INSERT INTO SEMESTRE VALUES ('CSE6B', 6,'H');
INSERT INTO SEMESTRE VALUES ('CSE6C', 6,'E');
INSERT INTO SEMESTRE VALUES ('CSE5A', 5,'A');
INSERT INTO SEMESTRE VALUES ('CSE5B', 5,'H');
INSERT INTO SEMESTRE VALUES ('CSE5C', 5,'E');
INSERT INTO SEMESTRE VALUES ('CSE4A', 4,'A');
INSERT INTO SEMESTRE VALUES ('CSE4B', 4,'H');
INSERT INTO SEMESTRE VALUES ('CSE4C', 4,'E');
INSERT INTO SEMESTRE VALUES ('CSE3A', 3,'A');
INSERT INTO SEMESTRE VALUES ('CSE3B', 3,'H');
INSERT INTO SEMESTRE VALUES ('CSE3C', 3,'E');
INSERT INTO SEMESTRE VALUES ('CSE2A', 2,'A');
INSERT INTO SEMESTRE VALUES ('CSE2B', 2,'H');
INSERT INTO SEMESTRE VALUES ('CSE2C', 2,'E');
INSERT INTO SEMESTRE VALUES ('CSE1A', 1,'A');
INSERT INTO SEMESTRE VALUES ('CSE1B', 1,'H');
INSERT INTO SEMESTRE VALUES ('CSE1C', 1,'E');

INSERT INTO GROUPE VALUES ('1RN13CS020','CSE8A');
INSERT INTO GROUPE VALUES ('1RN13CS062','CSE8A');
INSERT INTO GROUPE VALUES ('1RN13CS066','CSE8B');
INSERT INTO GROUPE VALUES ('1RN13CS091','CSE8C');
INSERT INTO GROUPE VALUES ('1RN14CS010','CSE7A');
INSERT INTO GROUPE VALUES ('1RN14CS025','CSE7A');
INSERT INTO GROUPE VALUES ('1RN14CS032','CSE7A');
INSERT INTO GROUPE VALUES ('1RN15CS011','CSE4A');
INSERT INTO GROUPE VALUES ('1RN15CS029','CSE4A');
INSERT INTO GROUPE VALUES ('1RN15CS045','CSE4B');
INSERT INTO GROUPE VALUES ('1RN15CS091','CSE4C');
INSERT INTO GROUPE VALUES ('1RN16CS045','CSE3A');
INSERT INTO GROUPE VALUES ('1RN16CS088','CSE3B');
INSERT INTO GROUPE VALUES ('1RN16CS122','CSE3C');

INSERT INTO COURS VALUES ('10CS81','1WE', 8, 4);
INSERT INTO COURS VALUES ('10CS82','3CC', 8, 4);
INSERT INTO COURS VALUES ('10CS83','1CC', 8, 4);
INSERT INTO COURS VALUES ('10CS84','1CP', 8, 4);
INSERT INTO COURS VALUES ('10CS85','1CR', 8, 4);
INSERT INTO COURS VALUES ('10CS71','1PR', 7, 4);
INSERT INTO COURS VALUES ('10CS72','201', 7, 4);
INSERT INTO COURS VALUES ('10CS73','203', 7, 4);
INSERT INTO COURS VALUES ('10CS74','3CS', 7, 4);
INSERT INTO COURS VALUES ('10CS75','3GB', 7, 4);
INSERT INTO COURS VALUES ('10CS76','3GP', 7, 4);
INSERT INTO COURS VALUES ('15CS51','3SR', 5, 4);
INSERT INTO COURS VALUES ('15CS52','3SS', 5, 4);
INSERT INTO COURS VALUES ('15CS53','3WE', 5, 4);
INSERT INTO COURS VALUES ('15CS54','5CC', 5, 4);
INSERT INTO COURS VALUES ('15CS55','5GD', 5, 3);
INSERT INTO COURS VALUES ('15CS56','5GM', 5, 3);
INSERT INTO COURS VALUES ('15CS41','5GP', 4, 4);
INSERT INTO COURS VALUES ('15CS42','5SD', 4, 4);
INSERT INTO COURS VALUES ('15CS43','5SP', 4, 4);
INSERT INTO COURS VALUES ('15CS44','4SR', 4, 4);
INSERT INTO COURS VALUES ('15CS45','4GP', 4, 3);
INSERT INTO COURS VALUES ('15CS46','4GG', 4, 3);
INSERT INTO COURS VALUES ('15CS31','2CW', 3, 4);
INSERT INTO COURS VALUES ('15CS32','2CR', 3, 4);
INSERT INTO COURS VALUES ('15CS33','2CP', 3, 4);
INSERT INTO COURS VALUES ('15CS34','2CC', 3, 4);
INSERT INTO COURS VALUES ('15CS35','202', 3, 3);
INSERT INTO COURS VALUES ('15CS36','2PR', 3, 3);

INSERT INTO EVALUATION (DA, CODE, ID, TEST1, TEST2, TEST3) VALUES ('1RN13CS091','10CS81','CSE8C', 15, 16, 18);
INSERT INTO EVALUATION (DA, CODE, ID, TEST1, TEST2, TEST3) VALUES ('1RN13CS091','10CS82','CSE8C', 12, 19, 14);
INSERT INTO EVALUATION (DA, CODE, ID, TEST1, TEST2, TEST3) VALUES ('1RN13CS091','10CS83','CSE8C', 19, 15, 20);
INSERT INTO EVALUATION (DA, CODE, ID, TEST1, TEST2, TEST3) VALUES ('1RN13CS091','10CS84','CSE8C', 20, 16, 19);
INSERT INTO EVALUATION (DA, CODE, ID, TEST1, TEST2, TEST3) VALUES ('1RN13CS091','10CS85','CSE8C', 15, 15, 12);

COMMIT;

SELECT * FROM ETUDIANT;
SELECT * FROM SEMESTRE;
SELECT * FROM GROUPE;
SELECT * FROM COURS;
SELECT * FROM EVALUATION;


